{
  "project_info": {
    "project_number": "39432484711",
    "project_id": "calendar-ff298",
    "storage_bucket": "calendar-ff298.appspot.com"
  },
  "client": [
    {
      "client_info": {
        "mobilesdk_app_id": "1:39432484711:android:38a7bf0c752c0a91bea1c2",
        "android_client_info": {
          "package_name": "com.flutterflow.betaTasks"
        }
      },
      "oauth_client": [],
      "api_key": [
        {
          "current_key": "AIzaSyBu-xS45fYViFMzuNHkbXiBr6ccaYyjeWA"
        }
      ],
      "services": {
        "appinvite_service": {
          "other_platform_oauth_client": []
        }
      }
    }
  ],
  "configuration_version": "1"
}